<?xml version="1.0" encoding="UTF-8"?>
<beans xmlns="http://www.springframework.org/schema/beans"
       xmlns:xsi="http://www.w3.org/2001/XMLSchema-instance"
       xmlns:aop="http://www.springframework.org/schema/aop"
       xsi:schemaLocation="http://www.springframework.org/schema/beans 
                           http://www.springframework.org/schema/beans/spring-beans.xsd
                           http://www.springframework.org/schema/aop 
                           http://www.springframework.org/schema/aop/spring-aop.xsd">
    <!-- Enable AspectJ auto proxying -->
    <aop:aspectj-autoproxy/>

    <!-- Define the BookRepository bean -->
    <bean id="bookRepository" class="com.library.repository.BookRepository"/>

    <!-- Define the BookService bean and wire in the BookRepository -->
    <bean id="bookService" class="com.library.service.BookService">
        <property name="bookRepository" ref="bookRepository"/>
    </bean>

    <!-- Register the LoggingAspect bean -->
    <bean id="loggingAspect" class="com.library.aspect.LoggingAspect"/>
</beans>
<beans xmlns="http://www.springframework.org/schema/beans"
       xmlns:xsi="http://www.w3.org/2001/XMLSchema-instance"
       xsi:schemaLocation="http://www.springframework.org/schema/beans 
                           http://www.springframework.org/schema/beans/spring-beans.xsd">

    <!-- Enable component scanning -->
    <context:component-scan base-package="com.library"/>

</beans>

